City_ID,City,Country,Date,Lat,Lng,Max Temp,Humidity,Cloudiness,Wind Speed
0,Rikitea,PF,2022-07-26 15:26:07,-23.1203,-134.9692,74.8,74,100,13.18
1,Sept-Iles,CA,2022-07-26 15:26:08,50.2001,-66.3821,66.72,80,75,14.97
2,Khorixas,NA,2022-07-26 15:26:08,-20.3667,14.9667,81.25,14,4,10.65
3,Punta Arenas,CL,2022-07-26 15:24:38,-53.15,-70.9167,33.91,80,75,12.66
4,Bengkulu,ID,2022-07-26 15:26:09,-3.8004,102.2655,77.13,86,99,3.15
5,Gornopravdinsk,RU,2022-07-26 15:26:10,60.05,69.9,64.65,57,55,5.08
6,Avarua,CK,2022-07-26 15:26:10,-21.2078,-159.775,69.85,73,75,8.05
7,Bluff,NZ,2022-07-26 15:25:09,-46.6,168.3333,44.8,89,100,25.52
8,Kapaa,US,2022-07-26 15:26:11,22.0752,-159.319,79.12,84,75,17.27
9,Linxia,CN,2022-07-26 15:26:11,35.6003,103.2064,62.94,77,37,2.95
10,Port Alfred,ZA,2022-07-26 15:26:12,-33.5906,26.891,64.18,70,1,15.73
11,Busselton,AU,2022-07-26 15:26:12,-33.65,115.3333,51.08,75,30,7.83
12,Dikson,RU,2022-07-26 15:26:13,73.5069,80.5464,50.74,69,70,22.37
13,Hobart,AU,2022-07-26 15:26:13,-42.8794,147.3294,48.06,92,75,6.91
14,Znamenskoye,RU,2022-07-26 15:26:14,57.1281,73.8282,70.43,87,32,4.41
15,Ilulissat,GL,2022-07-26 15:26:14,69.2167,-51.1,48.22,87,75,4.61
16,Ushuaia,AR,2022-07-26 15:26:15,-54.8,-68.3,38.82,64,20,8.05
17,Saint George,US,2022-07-26 15:24:52,37.1041,-113.5841,77.43,75,0,3.44
18,Kruisfontein,ZA,2022-07-26 15:26:16,-34.0033,24.7314,67.89,38,0,0.67
19,Nikolskoye,RU,2022-07-26 15:26:16,59.7035,30.7861,82.87,41,38,7.76
20,Margate,GB,2022-07-26 15:26:07,51.3813,1.3862,67.3,62,100,9.35
21,Pangkalanbuun,ID,2022-07-26 15:26:17,-2.6833,111.6167,74.46,92,81,2.28
22,Tasiilaq,GL,2022-07-26 15:26:17,65.6145,-37.6368,46.56,93,100,4.16
23,Kodiak,US,2022-07-26 15:26:18,57.79,-152.4072,47.71,71,0,8.05
24,Lazaro Cardenas,MX,2022-07-26 15:22:41,17.9583,-102.2,81.82,71,72,3.96
25,Khatanga,RU,2022-07-26 15:26:19,71.9667,102.5,71.19,47,100,5.41
26,Georgetown,MY,2022-07-26 15:22:56,5.4112,100.3354,82.89,89,20,4.61
27,Yellowknife,CA,2022-07-26 15:24:54,62.456,-114.3525,61.32,67,40,4.61
28,Hermanus,ZA,2022-07-26 15:25:55,-34.4187,19.2345,61.81,74,68,6.15
29,Arraial Do Cabo,BR,2022-07-26 15:26:20,-22.9661,-42.0278,78.76,69,20,17.27
30,Mapulot,PH,2022-07-26 15:26:21,14.0339,122.5408,76.87,93,74,1.59
31,Korem,ET,2022-07-26 15:26:21,12.5058,39.5228,62.78,72,100,3.13
32,Atuona,PF,2022-07-26 15:26:22,-9.8,-139.0333,76.77,75,2,16.31
33,Longyearbyen,SJ,2022-07-26 15:24:13,78.2186,15.6401,48.04,87,75,8.05
34,Mehriz,IR,2022-07-26 15:26:23,31.5917,54.4318,100.9,18,100,12.73
35,Thompson,CA,2022-07-26 15:26:23,55.7435,-97.8558,60.96,88,75,4.61
36,Turukhansk,RU,2022-07-26 15:26:24,65.8167,87.9833,58.12,77,36,1.01
37,Puerto Colombia,CO,2022-07-26 15:25:21,10.9878,-74.9547,80.69,75,95,9.17
38,Tuatapere,NZ,2022-07-26 15:26:24,-46.1333,167.6833,44.4,95,100,9.93
39,Qui Nhon,VN,2022-07-26 15:26:25,13.7667,109.2333,81.07,82,61,4.45
40,Butaritari,KI,2022-07-26 15:26:25,3.0707,172.7902,81.66,73,59,18.39
41,Ponta Do Sol,PT,2022-07-26 15:26:26,32.6667,-17.1,86.63,42,68,7.16
42,Clyde River,CA,2022-07-26 15:26:26,70.4692,-68.5914,44.83,81,75,11.5
43,Zheleznodorozhnyy,RU,2022-07-26 15:26:26,55.7503,38.0042,81.14,52,47,4.94
44,Barrow,US,2022-07-26 15:26:27,71.2906,-156.7887,35.62,93,100,18.41
45,Mogadishu,SO,2022-07-26 15:23:56,2.0371,45.3438,76.35,82,27,20.89
46,Mataura,NZ,2022-07-26 15:27:27,-46.1927,168.8643,44.47,97,100,8.08
47,Codroipo,IT,2022-07-26 15:27:28,45.96,12.9792,87.91,54,40,4.61
48,Jiwani,PK,2022-07-26 15:27:28,25.05,61.7417,82.53,84,99,15.77
49,Jiayuguan,CN,2022-07-26 15:27:29,39.8167,98.3,79.5,15,18,10.49
50,Orange,US,2022-07-26 15:26:22,33.7,-117.7675,74.57,80,100,4.61
51,Marzuq,YE,2022-07-26 15:27:30,14.4,46.4667,91.06,29,78,5.55
52,Ribeira Grande,PT,2022-07-26 15:27:30,38.5167,-28.7,79.2,83,75,9.22
53,Jamestown,US,2022-07-26 15:22:46,42.097,-79.2353,71.19,73,0,6.91
54,Macas,EC,2022-07-26 15:27:31,-2.3167,-78.1167,67.75,94,100,5.75
55,Svetlyy,RU,2022-07-26 15:27:31,54.675,20.1347,68.05,68,100,8.72
56,Acapulco,MX,2022-07-26 15:24:19,16.8634,-99.8901,82.22,69,40,8.05
57,New Norfolk,AU,2022-07-26 15:27:32,-42.7826,147.0587,47.7,86,100,3.04
58,Bredasdorp,ZA,2022-07-26 15:27:32,-34.5322,20.0403,61.54,51,22,7.81
59,Cabo San Lucas,MX,2022-07-26 15:27:32,22.8909,-109.9124,88.61,64,0,2.3
60,Nantucket,US,2022-07-26 15:25:09,41.2835,-70.0995,82.54,72,0,6.91
61,Tiksi,RU,2022-07-26 15:27:33,71.6872,128.8694,50.22,89,45,2.68
62,Sorong,ID,2022-07-26 15:27:33,-0.8833,131.25,77.58,87,100,5.03
63,Genhe,CN,2022-07-26 15:27:34,50.7833,121.5167,64.54,97,100,4.27
64,Hovd,MN,2022-07-26 15:27:34,48.0056,91.6419,65.97,32,62,1.97
65,Port Hardy,CA,2022-07-26 15:27:35,50.6996,-127.4199,57.38,100,100,2.3
66,Mhlume,SZ,2022-07-26 15:27:35,-26.0333,31.85,68.85,50,0,4.59
67,Albany,US,2022-07-26 15:24:21,42.6001,-73.9662,74.35,57,85,1.01
68,Praia Da Vitoria,PT,2022-07-26 15:27:36,38.7333,-27.0667,79.75,88,75,4.16
69,Ancud,CL,2022-07-26 15:27:37,-41.8697,-73.8203,50.23,88,100,8.97
70,Sajkas,RS,2022-07-26 15:27:37,45.2722,20.0897,95.02,13,0,4.16
71,Bambous Virieux,MU,2022-07-26 15:27:37,-20.3428,57.7575,71.22,78,40,9.22
72,Bethel,US,2022-07-26 15:27:38,41.3712,-73.414,80.2,54,0,1.99
73,Kamina,CD,2022-07-26 15:27:39,-8.7386,24.9906,84.97,20,13,7.87
74,Kohima,IN,2022-07-26 15:27:39,25.6667,94.1167,65.5,98,85,1.77
75,Swidwin,PL,2022-07-26 15:27:39,53.7746,15.7767,67.14,100,93,13.38
76,Sandpoint,US,2022-07-26 15:27:40,48.2766,-116.5533,77.72,59,0,8.05
77,Baihar,IN,2022-07-26 15:27:41,22.1,80.55,73.81,95,99,0.69
78,Te Anau,NZ,2022-07-26 15:27:41,-45.4167,167.7167,42.28,98,100,4.07
79,Hamilton,US,2022-07-26 15:27:41,39.1834,-84.5333,72.91,90,100,4.61
80,Naron,ES,2022-07-26 15:27:42,43.5167,-8.1528,76.05,60,60,7.0
81,Provideniya,RU,2022-07-26 15:27:42,64.3833,-173.3,40.93,79,80,6.67
82,Igarka,RU,2022-07-26 15:27:43,67.4667,86.5833,58.32,72,79,5.08
83,Kaitangata,NZ,2022-07-26 15:27:44,-46.2817,169.8464,45.28,95,100,15.03
84,Souillac,MU,2022-07-26 15:27:44,-20.5167,57.5167,70.18,78,40,9.22
85,Bodden Town,KY,2022-07-26 15:27:45,19.2833,-81.25,89.01,68,20,5.75
86,Belmonte,BR,2022-07-26 15:28:45,-15.8631,-38.8828,77.81,60,9,10.63
87,Ola,RU,2022-07-26 15:28:45,59.5833,151.2833,52.14,96,61,3.29
88,Beringovskiy,RU,2022-07-26 15:28:46,63.05,179.3167,46.81,87,99,6.06
89,Yar-Sale,RU,2022-07-26 15:28:46,66.8333,70.8333,49.55,84,99,16.4
90,Odweyne,SO,2022-07-26 15:28:47,9.4092,45.064,84.29,33,66,21.25
91,Kondinskoye,RU,2022-07-26 15:28:47,59.6481,67.41,65.77,55,49,4.29
92,Port Blair,IN,2022-07-26 15:28:48,11.6667,92.75,82.44,83,40,3.44
93,Amuntai,ID,2022-07-26 15:28:48,-2.4177,115.2494,74.05,98,70,1.12
94,Tuy Hoa,VN,2022-07-26 15:23:55,13.0833,109.3,79.25,87,61,2.59
95,Manokwari,ID,2022-07-26 15:28:49,-0.8667,134.0833,78.67,73,74,5.46
96,Nemuro,JP,2022-07-26 15:28:49,43.3236,145.575,62.31,95,73,6.26
97,Cape Town,ZA,2022-07-26 15:27:54,-33.9258,18.4232,64.27,64,0,10.36
98,Pangnirtung,CA,2022-07-26 15:28:50,66.1451,-65.7125,41.0,93,75,11.5
99,Yumen,CN,2022-07-26 15:28:50,40.2833,97.2,80.29,10,58,10.02
100,Buraydah,SA,2022-07-26 15:28:51,26.326,43.975,108.05,9,92,4.47
101,Chesley,CA,2022-07-26 15:28:51,44.2966,-81.0952,72.79,53,100,6.15
102,Port-Cartier,CA,2022-07-26 15:27:02,50.0334,-66.8654,66.42,54,75,13.22
103,Onalaska,US,2022-07-26 15:28:35,43.8844,-91.2351,74.7,73,0,4.61
104,Yaan,NG,2022-07-26 15:28:52,7.3833,8.5667,84.45,65,95,7.63
105,Bosaso,SO,2022-07-26 15:28:53,11.2842,49.1816,92.37,43,6,4.94
106,Wajid,SO,2022-07-26 15:28:53,3.8093,43.2471,84.22,41,100,25.66
107,Adjumani,UG,2022-07-26 15:28:53,3.3779,31.7909,83.46,51,89,1.23
108,Mar Del Plata,AR,2022-07-26 15:28:54,-38.0023,-57.5575,57.22,57,100,2.3
109,Grand Gaube,MU,2022-07-26 15:28:54,-20.0064,57.6608,71.38,71,3,10.0
110,Hilo,US,2022-07-26 15:27:31,19.7297,-155.09,75.27,96,100,6.91
111,Chumikan,RU,2022-07-26 15:28:55,54.7183,135.315,52.45,94,71,2.98
112,Sistranda,NO,2022-07-26 15:28:55,63.7256,8.834,53.56,91,100,20.36
113,Balad,IQ,2022-07-26 15:28:56,34.0164,44.1453,106.36,6,0,17.27
114,Fairbanks,US,2022-07-26 15:28:00,64.8378,-147.7164,53.1,73,75,8.05
115,Muisne,EC,2022-07-26 15:28:56,0.6,-80.0333,75.33,81,99,8.7
116,Tual,ID,2022-07-26 15:28:57,-5.6667,132.75,79.47,81,70,21.9
117,Port Elizabeth,ZA,2022-07-26 15:25:08,-33.918,25.5701,74.1,67,0,6.91
118,Dublin,US,2022-07-26 15:24:29,37.7021,-121.9358,65.03,82,20,8.05
119,Atar,MR,2022-07-26 15:27:42,20.5169,-13.0499,105.55,22,3,6.02
120,Weihai,CN,2022-07-26 15:28:58,37.5017,122.1136,75.07,89,100,3.13
121,Voznesenka,UA,2022-07-26 15:28:58,46.8717,35.4646,77.58,42,79,7.87
122,Cheltenham,GB,2022-07-26 15:25:27,51.9,-2.0833,70.84,55,40,8.01
123,Huarmey,PE,2022-07-26 15:28:59,-10.0681,-78.1522,65.17,78,88,8.84
124,Mahebourg,MU,2022-07-26 15:28:59,-20.4081,57.7,71.26,78,40,9.22
125,Hami,CN,2022-07-26 15:29:00,42.8,93.45,87.98,11,1,9.69
126,Chapais,CA,2022-07-26 15:29:00,49.7834,-74.8492,56.98,93,100,9.84
127,Kavieng,PG,2022-07-26 15:29:00,-2.5744,150.7967,82.96,70,100,12.97
128,Rocha,UY,2022-07-26 15:29:01,-34.4833,-54.3333,65.52,88,100,10.31
129,Saskylakh,RU,2022-07-26 15:29:01,71.9167,114.0833,67.77,63,44,1.54
130,Takapau,NZ,2022-07-26 15:29:02,-40.0333,176.35,49.73,96,100,3.18
131,Saint-Philippe,RE,2022-07-26 15:26:24,-21.3585,55.7679,71.19,83,52,9.31
132,Komsomolskiy,UZ,2022-07-26 15:29:03,40.4272,71.7189,97.52,20,1,2.3
133,Catuday,PH,2022-07-26 15:29:03,16.2923,119.8062,82.22,76,100,5.55
134,Coihaique,CL,2022-07-26 15:26:03,-45.5752,-72.0662,32.61,86,75,0.0
135,Smolensk,RU,2022-07-26 15:30:05,55.0,33.0,74.89,70,2,3.58
136,Guerrero Negro,MX,2022-07-26 15:30:05,27.9769,-114.0611,73.47,67,88,4.79
137,Aldan,RU,2022-07-26 15:30:06,58.6031,125.3894,65.52,74,27,3.22
138,Vostok,RU,2022-07-26 15:30:07,46.4856,135.8833,60.89,96,1,2.37
139,Broome,US,2022-07-26 15:30:08,42.2506,-75.833,73.71,61,20,5.75
140,Bertrix,BE,2022-07-26 15:30:08,49.856,5.2554,71.65,56,84,8.16
141,Lavrentiya,RU,2022-07-26 15:30:09,65.5833,-171.0,38.12,86,97,15.88
142,Zamardi,HU,2022-07-26 15:30:10,46.8849,17.9537,75.94,69,100,3.0
143,Durg,IN,2022-07-26 15:30:10,21.1833,81.2833,80.78,77,91,3.85
144,Monduli,TZ,2022-07-26 15:27:14,-3.3,36.45,71.4,37,73,9.4
145,Puerto Ayora,EC,2022-07-26 15:26:29,-0.7393,-90.3518,75.16,95,100,4.0
146,Kolyvan,RU,2022-07-26 15:30:11,55.3053,82.7391,71.22,77,37,2.98
147,Puerto Asis,CO,2022-07-26 15:30:12,0.5133,-76.5007,86.45,57,58,2.01
148,Norman Wells,CA,2022-07-26 15:30:12,65.282,-126.8329,62.64,72,75,4.61
149,San Cristobal,VE,2022-07-26 15:30:13,7.7669,-72.225,73.58,56,74,5.01
150,San Patricio,US,2022-07-26 15:30:14,28.017,-97.5169,89.49,51,57,10.89
151,Mount Gambier,AU,2022-07-26 15:30:14,-37.8333,140.7667,49.91,100,75,9.22
152,Oistins,BB,2022-07-26 15:30:14,13.0667,-59.5333,85.51,74,40,21.85
153,Maputo,MZ,2022-07-26 15:30:15,-25.9653,32.5892,67.68,68,0,9.22
154,East London,ZA,2022-07-26 15:30:16,-33.0153,27.9116,65.34,68,0,8.05
155,Nieuwpoort,BE,2022-07-26 15:30:16,51.1244,2.7735,69.01,61,75,11.5
156,Victor Harbor,AU,2022-07-26 15:30:17,-35.5667,138.6167,51.01,92,19,8.63
157,Yekepa,LR,2022-07-26 15:30:18,7.5753,-8.5419,78.89,75,92,3.33
158,Hofn,IS,2022-07-26 15:30:19,64.2539,-15.2082,51.08,91,99,4.09
159,Taltal,CL,2022-07-26 15:30:19,-25.4,-70.4833,62.38,69,33,6.13
160,Pochutla,MX,2022-07-26 15:30:20,15.7432,-96.4661,85.82,62,79,3.29
161,Spornoye,RU,2022-07-26 15:30:20,50.8448,37.2913,73.0,68,99,4.09
162,Hithadhoo,MV,2022-07-26 15:30:21,-0.6,73.0833,82.54,77,90,13.27
163,Makakilo City,US,2022-07-26 15:30:21,21.3469,-158.0858,75.56,71,0,4.61
164,Barranca,PE,2022-07-26 15:30:22,-10.75,-77.7667,63.97,76,98,9.98
165,Korla,CN,2022-07-26 15:30:22,41.7597,86.1469,89.02,16,0,7.58
166,Severo-Kurilsk,RU,2022-07-26 15:30:23,50.6789,156.125,51.93,87,100,5.97
167,Alberton,CA,2022-07-26 15:30:23,46.8168,-64.0654,75.33,60,0,11.23
168,Chokurdakh,RU,2022-07-26 15:30:24,70.6333,147.9167,41.76,72,100,9.84
169,Ketchikan,US,2022-07-26 15:30:24,55.3422,-131.6461,63.07,82,20,17.27
170,Kampene,CD,2022-07-26 15:30:25,-3.6,26.6667,80.53,44,96,2.77
171,Sorland,NO,2022-07-26 15:30:25,67.667,12.6934,53.46,92,99,29.71
172,Haverfordwest,GB,2022-07-26 15:30:26,51.8017,-4.9691,65.79,64,2,5.01
173,Iqaluit,CA,2022-07-26 15:26:32,63.7506,-68.5145,51.53,82,20,6.91
174,Fort Saint James,CA,2022-07-26 15:30:26,54.4333,-124.25,69.31,61,8,1.86
175,Turayf,SA,2022-07-26 15:30:27,31.6725,38.6637,97.05,16,0,13.8
176,Batemans Bay,AU,2022-07-26 15:30:27,-35.7167,150.1833,52.11,78,7,6.58
177,Baykit,RU,2022-07-26 15:30:28,61.67,96.37,60.69,97,100,7.47
178,Hay River,CA,2022-07-26 15:25:52,60.8156,-115.7999,66.18,48,40,8.05
179,Palana,RU,2022-07-26 15:30:29,59.1167,159.9667,47.19,73,100,12.41
180,Pangody,RU,2022-07-26 15:31:29,65.85,74.4859,55.76,65,96,9.17
181,Egvekinot,RU,2022-07-26 15:31:30,66.3167,-179.1667,37.9,75,29,2.3
182,Miedzychod,PL,2022-07-26 15:31:30,52.5988,15.897,72.68,50,87,11.99
183,Thaton,MM,2022-07-26 15:31:31,16.9206,97.3714,81.3,80,96,2.8
184,Constitucion,CL,2022-07-26 15:31:31,-35.3333,-72.4167,54.54,90,100,10.96
185,Sumkino,RU,2022-07-26 15:31:31,58.1108,68.3244,64.36,92,90,2.06
186,Srednekolymsk,RU,2022-07-26 15:31:32,67.45,153.6833,38.93,79,99,12.17
187,Mosbach,DE,2022-07-26 15:31:32,49.3539,9.1428,83.32,39,34,11.23
188,Kawalu,ID,2022-07-26 15:31:33,-7.3817,108.2082,66.61,96,31,1.61
189,Tecoanapa,MX,2022-07-26 15:31:33,16.5167,-98.75,83.79,65,86,2.82
190,Kavaratti,IN,2022-07-26 15:28:37,10.5669,72.642,81.34,78,100,15.88
191,Hervey Bay,AU,2022-07-26 15:31:34,-25.2986,152.8535,59.81,68,0,13.65
192,Moramanga,MG,2022-07-26 15:31:34,-18.9333,48.2,56.07,99,21,2.71
193,Hasaki,JP,2022-07-26 15:31:20,35.7333,140.8333,77.4,93,94,16.73
194,Husavik,IS,2022-07-26 15:26:36,66.0449,-17.3389,53.42,76,81,5.44
195,Kungurtug,RU,2022-07-26 15:31:35,50.5994,97.5228,47.12,68,95,1.3
196,Nouadhibou,MR,2022-07-26 15:31:36,20.931,-17.0347,85.98,70,97,12.66
197,Mayo,US,2022-07-26 15:30:48,38.8876,-76.5119,79.95,82,100,7.0
198,Poso,ID,2022-07-26 15:31:36,-1.3959,120.7524,77.16,85,62,6.51
199,Yulara,AU,2022-07-26 15:31:37,-25.2406,130.9889,46.44,51,0,9.75
200,Martaban,MM,2022-07-26 15:31:37,16.5314,97.6111,81.25,81,99,2.39
201,Surab,PK,2022-07-26 15:31:38,28.4914,66.2585,73.17,72,58,5.93
202,Nehe,CN,2022-07-26 15:31:38,48.4833,124.8333,70.25,95,97,7.96
203,Hokitika,NZ,2022-07-26 15:31:38,-42.7167,170.9667,46.62,80,53,5.32
204,Leningradskiy,RU,2022-07-26 15:31:39,69.3833,178.4167,33.3,98,100,11.41
205,Aklavik,CA,2022-07-26 15:31:39,68.2191,-135.0107,63.43,58,100,10.27
206,Almaznyy,RU,2022-07-26 15:31:40,48.0448,40.045,74.39,58,70,2.28
207,Koulikoro,ML,2022-07-26 15:31:40,14.0,-7.75,95.09,37,91,11.54
208,Isangel,VU,2022-07-26 15:31:41,-19.55,169.2667,77.11,88,83,3.44
209,Knysna,ZA,2022-07-26 15:31:41,-34.0363,23.0471,60.42,56,7,1.41
210,Hongjiang,CN,2022-07-26 15:31:42,27.11,109.9956,79.57,76,83,3.78
211,Pevek,RU,2022-07-26 15:31:42,69.7008,170.3133,32.13,86,58,2.91
212,Westport,US,2022-07-26 15:30:59,41.1415,-73.3579,81.81,58,0,6.91
213,Krasnoborsk,RU,2022-07-26 15:31:43,61.5598,45.934,68.25,63,36,2.28
214,San Quintin,MX,2022-07-26 15:31:43,30.4833,-115.95,70.03,73,78,6.11
215,Vao,NC,2022-07-26 15:31:43,-22.6667,167.4833,67.66,64,0,8.93
216,Waipawa,NZ,2022-07-26 15:31:44,-41.4122,175.5153,49.05,98,94,7.43
217,Adrar,MR,2022-07-26 15:31:44,20.5022,-10.0711,106.66,13,8,5.86
218,Aitape,PG,2022-07-26 15:31:45,-3.1374,142.3475,77.4,89,95,6.06
219,Straumen,NO,2022-07-26 15:31:45,63.8709,11.2999,57.2,95,100,10.22
220,Shenjiamen,CN,2022-07-26 15:31:46,29.9576,122.298,79.66,88,4,17.92
221,Siljan,NO,2022-07-26 15:31:46,59.2884,9.71,74.62,38,90,7.52
222,Kirakira,SB,2022-07-26 15:31:46,-10.4544,161.9205,78.57,85,76,6.58
223,Victoria,HK,2022-07-26 15:30:03,22.2855,114.1577,87.33,77,47,4.0
224,Chuy,UY,2022-07-26 15:31:47,-33.6971,-53.4616,66.06,84,100,9.78
225,Aripuana,BR,2022-07-26 15:29:16,-9.1667,-60.6333,92.8,26,44,3.87
226,Narsaq,GL,2022-07-26 15:31:48,60.9167,-46.05,55.62,84,94,5.64
227,Caravelas,BR,2022-07-26 15:31:48,-17.7125,-39.2481,77.86,61,11,7.83
228,Lebu,CL,2022-07-26 15:32:49,-37.6167,-73.65,54.01,80,12,18.57
229,Kokstad,ZA,2022-07-26 15:32:49,-30.5472,29.4241,51.64,29,0,2.73
230,Champerico,GT,2022-07-26 15:32:50,14.3,-91.9167,82.94,74,51,1.19
231,Ganzhou,CN,2022-07-26 15:32:50,28.8184,115.4327,85.48,60,95,2.17
232,Lalmohan,BD,2022-07-26 15:32:50,22.3384,90.7419,83.37,76,95,7.02
233,Castro,BR,2022-07-26 15:32:51,-24.7911,-50.0119,73.99,44,0,0.58
234,Klaksvik,FO,2022-07-26 15:32:52,62.2266,-6.589,54.52,78,100,9.91
235,Curuca,BR,2022-07-26 15:32:52,-0.7289,-47.8481,84.61,66,92,5.59
236,Ostrovnoy,RU,2022-07-26 15:32:53,68.0531,39.5131,58.24,88,100,17.6
237,Puerto Penasco,MX,2022-07-26 15:32:53,31.3167,-113.5333,87.78,80,75,13.0
238,Priargunsk,RU,2022-07-26 15:32:54,50.3691,119.1012,63.91,95,94,7.63
239,Paamiut,GL,2022-07-26 15:32:54,61.994,-49.6678,41.74,93,31,16.02
240,Mogadouro,PT,2022-07-26 15:32:54,41.3403,-6.7119,87.91,22,0,6.71
241,Tchibanga,GA,2022-07-26 15:32:55,-2.85,11.0333,85.98,42,78,9.17
242,Lompoc,US,2022-07-26 15:32:55,34.6391,-120.4579,56.84,96,100,4.61
243,Port Augusta,AU,2022-07-26 15:31:30,-32.5,137.7667,43.43,80,5,1.86
244,Vega De Alatorre,MX,2022-07-26 15:32:56,20.0333,-96.6333,84.06,64,99,3.6
245,Qaanaaq,GL,2022-07-26 15:32:56,77.484,-69.3632,43.02,61,2,0.22
246,Usogorsk,RU,2022-07-26 15:32:57,63.4106,48.6872,65.41,48,5,1.68
247,Kupang,ID,2022-07-26 15:32:57,-10.1667,123.5833,73.29,77,93,10.98
248,Shizunai,JP,2022-07-26 15:28:22,42.3339,142.3669,68.07,92,53,1.52
249,Magadan,RU,2022-07-26 15:32:58,59.5667,150.8,51.53,95,77,2.93
250,Katsuura,JP,2022-07-26 15:32:59,35.1333,140.3,79.25,93,89,14.09
251,Upernavik,GL,2022-07-26 15:32:59,72.7868,-56.1549,37.29,93,95,11.68
252,Gimli,CA,2022-07-26 15:29:44,50.6336,-96.9907,65.19,74,63,11.59
253,Touros,BR,2022-07-26 15:29:48,-5.1989,-35.4608,83.08,57,71,16.26
254,Katsina,NG,2022-07-26 15:33:00,12.9894,7.6006,88.68,50,94,10.67
255,Buenavista,PH,2022-07-26 15:33:00,8.9769,125.4089,76.42,92,57,3.44
256,Boueni,YT,2022-07-26 15:33:01,-12.9025,45.0761,76.98,65,55,10.18
257,Tuktoyaktuk,CA,2022-07-26 15:33:01,69.4541,-133.0374,59.0,82,100,10.36
258,Maldonado,UY,2022-07-26 15:32:04,-34.6667,-54.9167,63.23,79,100,8.5
259,Lorengau,PG,2022-07-26 15:33:02,-2.0226,147.2712,81.57,79,100,8.79
260,Namibe,AO,2022-07-26 15:33:03,-15.1961,12.1522,66.83,82,75,13.8
261,Salisbury,GB,2022-07-26 15:33:03,51.0693,-1.7957,72.01,52,40,5.75
262,Vaini,TO,2022-07-26 15:33:04,-21.2,-175.2,73.56,88,20,8.05
263,Buala,SB,2022-07-26 15:33:04,-8.145,159.5921,78.94,84,51,6.15
264,Aswan,EG,2022-07-26 15:33:05,24.0934,32.907,103.86,8,1,9.95
265,Oskarshamn,SE,2022-07-26 15:33:05,57.2645,16.4484,69.98,48,78,14.52
266,Bafoulabe,ML,2022-07-26 15:33:05,13.8065,-10.8321,91.15,55,81,2.39
267,Carnarvon,AU,2022-07-26 15:33:06,-24.8667,113.6333,64.65,60,0,12.97
268,Esperance,AU,2022-07-26 15:33:06,-33.8667,121.9,53.44,81,94,10.89
269,Uthal,PK,2022-07-26 15:33:07,25.8072,66.6219,82.81,84,100,7.87
270,North Vanlaiphai,IN,2022-07-26 15:33:08,23.1333,93.0667,62.4,99,57,0.81
271,Vila Do Maio,CV,2022-07-26 15:34:08,15.1333,-23.2167,86.79,75,67,4.05
272,Sao Filipe,CV,2022-07-26 15:34:08,14.8961,-24.4956,78.85,79,76,3.29
273,Gold Coast,AU,2022-07-26 15:34:09,-28.0,153.4333,57.99,82,0,2.3
274,Mbandaka,CD,2022-07-26 15:34:09,0.0487,18.2603,76.59,74,71,3.76
275,Phonhong,LA,2022-07-26 15:34:10,18.5007,102.4166,78.46,91,72,2.8
276,Cockburn Town,TC,2022-07-26 15:34:10,21.4612,-71.1419,82.99,77,22,17.05
277,Saint Anthony,US,2022-07-26 15:34:11,45.0205,-93.218,73.24,72,100,9.22
278,Charters Towers,AU,2022-07-26 15:34:11,-20.1,146.2667,60.15,79,0,6.29
279,Lodja,CD,2022-07-26 15:34:12,-3.4833,23.4333,91.69,24,42,2.1
280,Kayunga,UG,2022-07-26 15:34:12,0.7025,32.8886,75.09,48,100,5.17
281,Brownsville,US,2022-07-26 15:34:13,25.9018,-97.4975,91.02,66,40,9.22
282,Kattivakkam,IN,2022-07-26 15:34:14,13.2167,80.3167,85.06,79,100,6.67
283,Tateyama,JP,2022-07-26 15:34:14,34.9833,139.8667,81.1,93,100,13.31
284,Newport,GB,2022-07-26 15:32:09,51.5877,-2.9984,71.08,54,83,2.59
285,Aurich,DE,2022-07-26 15:34:15,53.4667,7.4833,65.93,63,75,17.27
286,Faanui,PF,2022-07-26 15:34:15,-16.4833,-151.75,76.57,76,87,2.48
287,Chatakonda,IN,2022-07-26 15:34:16,17.55,80.65,77.76,90,100,1.57
288,Merida,MX,2022-07-26 15:32:54,20.9667,-89.6167,88.02,74,75,6.91
289,Maniwaki,CA,2022-07-26 15:34:17,46.3834,-75.966,71.98,53,26,6.91
290,Sur,OM,2022-07-26 15:34:18,22.5667,59.5289,84.4,72,75,9.22
291,Inongo,CD,2022-07-26 15:34:18,-1.95,18.2667,73.22,74,96,2.48
292,Lebedinyy,RU,2022-07-26 15:34:19,58.5167,125.5167,65.26,73,27,4.47
293,Mapimi,MX,2022-07-26 15:34:19,25.8167,-103.85,80.73,36,97,8.59
294,Lagoa,PT,2022-07-26 15:34:20,39.05,-27.9833,74.03,84,6,11.74
295,Ahipara,NZ,2022-07-26 15:34:21,-35.1667,173.1667,55.58,81,99,18.41
296,Olafsvik,IS,2022-07-26 15:34:21,64.8945,-23.7142,53.1,89,100,12.41
297,Barabai,ID,2022-07-26 15:34:22,-2.5833,115.3833,73.53,98,84,1.7
298,Zabid,YE,2022-07-26 15:34:22,14.1951,43.3152,94.66,39,89,7.2
299,Edd,ER,2022-07-26 15:34:23,13.9297,41.6925,91.53,65,87,10.96
300,Sungairaya,ID,2022-07-26 15:34:23,0.7,108.9,78.08,87,97,3.11
301,Middelburg,ZA,2022-07-26 15:30:11,-25.7751,29.4648,61.34,36,36,5.97
302,Tulun,RU,2022-07-26 15:34:24,54.5611,100.5792,56.17,70,79,2.73
303,Visnes,NO,2022-07-26 15:34:24,59.3556,5.2242,53.82,82,75,23.02
304,Tondano,ID,2022-07-26 15:34:25,1.3038,124.9112,73.49,94,88,3.71
305,Bandarbeyla,SO,2022-07-26 15:34:25,9.4942,50.8122,76.98,79,49,30.6
306,Russell,US,2022-07-26 15:31:04,32.3502,-85.1999,86.97,65,75,5.75
307,Ponte Nova,BR,2022-07-26 15:32:52,-20.4164,-42.9086,80.71,38,0,4.34
308,Tarko-Sale,RU,2022-07-26 15:34:26,64.9225,77.785,61.41,58,1,9.1
309,Pisco,PE,2022-07-26 15:34:26,-13.7,-76.2167,62.65,82,100,1.14
310,Arawa,PG,2022-07-26 15:34:27,-6.2132,155.5367,76.6,90,100,1.77
311,Saldanha,ZA,2022-07-26 15:34:28,-33.0117,17.9442,57.25,86,43,1.59
312,Felanitx,ES,2022-07-26 15:34:27,39.4696,3.1483,91.92,49,1,13.47
313,San Jose,US,2022-07-26 15:31:16,37.3394,-121.895,65.89,77,75,11.5
314,Lyngdal,NO,2022-07-26 15:35:29,58.1376,7.07,61.9,71,71,24.74
315,Tobermory,CA,2022-07-26 15:35:29,45.2501,-81.6665,64.26,73,73,8.75
316,Avera,US,2022-07-26 15:32:46,33.194,-82.5271,87.55,49,100,10.09
317,Kaitong,CN,2022-07-26 15:35:30,44.8135,123.15,73.51,77,100,13.24
318,Eregli,TR,2022-07-26 15:35:30,37.5133,34.0467,81.84,23,0,14.76
319,Mehamn,NO,2022-07-26 15:35:30,71.0357,27.8492,67.95,68,40,5.75
320,Ulladulla,AU,2022-07-26 15:35:31,-35.35,150.4667,46.22,77,7,8.59
321,Nanortalik,GL,2022-07-26 15:35:31,60.1432,-45.2371,45.63,87,88,5.44
322,Henties Bay,NA,2022-07-26 15:35:32,-22.116,14.2845,57.31,79,3,9.98
323,Yertarskiy,RU,2022-07-26 15:35:32,56.7902,64.2995,62.62,96,81,9.82
324,Lagos,NG,2022-07-26 15:35:33,6.5833,3.75,79.05,84,100,9.19
325,Zhigansk,RU,2022-07-26 15:35:33,66.7697,123.3711,63.19,74,13,3.53
326,Talnakh,RU,2022-07-26 15:34:09,69.4865,88.3972,63.21,86,57,6.44
327,Yerbogachen,RU,2022-07-26 15:35:17,61.2767,108.0108,66.38,75,49,5.88
328,Dingle,PH,2022-07-26 15:35:34,10.9995,122.6711,77.31,91,86,3.02
329,Koslan,RU,2022-07-26 15:35:34,63.4564,48.8989,65.17,48,4,2.35
330,Kununurra,AU,2022-07-26 15:35:35,-15.7667,128.7333,76.98,27,84,10.36
331,Taoudenni,ML,2022-07-26 15:35:35,22.6783,-3.9836,113.97,7,4,17.18
332,Poum,NC,2022-07-26 15:35:36,-20.2333,164.0167,73.53,70,67,9.55
333,Ellsworth,US,2022-07-26 15:35:36,44.5434,-68.4195,81.25,54,0,6.91
334,Slave Lake,CA,2022-07-26 15:31:00,55.2834,-114.769,66.18,68,0,4.61
335,Salalah,OM,2022-07-26 15:35:37,17.0151,54.0924,77.09,100,100,5.75
336,Perth,AU,2022-07-26 15:30:57,-31.9333,115.8333,58.08,96,100,4.61
337,Tabuk,PH,2022-07-26 15:35:37,17.4189,121.4443,76.23,93,100,3.11
338,Harper,LR,2022-07-26 15:35:38,4.375,-7.7169,77.45,77,97,9.48
339,Farafangana,MG,2022-07-26 15:35:38,-22.8167,47.8333,68.97,77,11,7.18
340,Tefe,BR,2022-07-26 15:35:39,-3.3542,-64.7114,87.91,70,20,2.3
341,Mandali,IQ,2022-07-26 15:35:39,33.7499,45.5541,100.85,7,0,11.48
342,Karachi,PK,2022-07-26 15:33:25,24.9056,67.0822,82.22,83,40,9.22
343,Mozarlandia,BR,2022-07-26 15:35:40,-14.7447,-50.5706,93.36,20,1,6.26
344,Yingkou,CN,2022-07-26 15:35:40,40.6648,122.2283,73.36,88,15,4.83
345,Bima,ID,2022-07-26 15:35:40,-8.4667,118.7167,71.31,91,32,4.59
346,Berlevag,NO,2022-07-26 15:35:41,70.8578,29.0864,68.0,82,100,6.91
347,Torbay,CA,2022-07-26 15:30:59,47.6666,-52.7314,77.77,80,75,25.32
348,Verkhoyansk,RU,2022-07-26 15:35:42,67.5447,133.385,67.23,64,64,4.94
349,Tallahassee,US,2022-07-26 15:32:07,30.4383,-84.2807,90.86,78,40,3.44
350,Kumluca,TR,2022-07-26 15:35:43,36.3703,30.2869,89.96,36,0,10.31
351,Sundsvall,SE,2022-07-26 15:35:43,62.3913,17.3063,68.97,69,40,6.91
352,Gotsu,JP,2022-07-26 15:35:44,35.0,132.2167,75.52,87,3,3.04
353,Gamba,GA,2022-07-26 15:35:44,-2.65,10.0,75.27,70,97,9.98
354,Peskovka,RU,2022-07-26 15:35:45,59.0448,52.3606,64.04,66,14,6.71
355,Abu Dhabi,AE,2022-07-26 15:33:39,24.4667,54.3667,98.62,44,100,11.5
356,Airai,TL,2022-07-26 15:35:45,-8.9266,125.4092,54.1,64,59,3.27
357,Bereda,ES,2022-07-26 15:36:46,43.2686,-7.5406,69.42,77,79,6.76
358,Neustadt,DE,2022-07-26 15:36:46,49.7117,12.0872,78.46,38,75,11.5
359,Manono,CD,2022-07-26 15:36:46,-7.3,27.4167,87.4,24,12,5.26
360,Zaragoza,ES,2022-07-26 15:32:45,41.6561,-0.8773,91.02,28,0,14.97
361,Senekal,ZA,2022-07-26 15:36:47,-28.3197,27.6208,56.07,34,3,4.27
362,Townsville,AU,2022-07-26 15:36:48,-19.25,146.8,59.88,94,75,0.0
363,Muravlenko,RU,2022-07-26 15:36:48,63.7898,74.523,56.73,77,41,18.3
364,Iwanai,JP,2022-07-26 15:35:25,42.9744,140.5089,66.25,93,79,2.8
365,Southbridge,US,2022-07-26 15:36:49,42.0751,-72.0334,79.43,65,76,1.01
366,Nizwa,OM,2022-07-26 15:36:49,22.9333,57.5333,82.24,67,100,4.25
367,Port Hedland,AU,2022-07-26 15:35:19,-20.3167,118.5667,60.85,77,30,4.61
368,Fare,PF,2022-07-26 15:36:50,-16.7,-151.0167,76.14,80,100,8.21
369,Tahoua,NE,2022-07-26 15:36:50,14.8888,5.2692,102.18,30,20,8.05
370,Marrakesh,MA,2022-07-26 15:32:34,31.6315,-8.0083,109.47,14,20,11.5
371,Tazovskiy,RU,2022-07-26 15:36:51,67.4667,78.7,56.37,65,96,10.18
372,Erzin,TR,2022-07-26 15:36:51,36.9559,36.2,83.23,53,0,8.7
373,Luganville,VU,2022-07-26 15:36:52,-15.5333,167.1667,77.74,87,42,6.42
374,Pirmasens,DE,2022-07-26 15:32:08,49.2015,7.6053,77.86,35,22,7.31
375,Mecca,SA,2022-07-26 15:36:20,21.4267,39.8261,99.46,29,48,12.17
376,Aktas,KZ,2022-07-26 15:36:53,49.7789,72.9608,78.55,20,100,6.55
377,Udachnyy,RU,2022-07-26 15:36:53,66.4167,112.4,73.45,73,21,6.82
378,Santa Isabel Do Rio Negro,BR,2022-07-26 15:36:53,-0.4139,-65.0192,88.36,58,22,4.38
379,Garbolovo,RU,2022-07-26 15:36:54,60.3413,30.4955,81.18,46,47,5.59
380,Ca Mau,VN,2022-07-26 15:36:54,9.1769,105.15,78.42,89,100,3.36
381,Grafton,US,2022-07-26 15:36:55,42.207,-71.6856,80.15,56,72,7.72
382,Ingham,US,2022-07-26 15:36:55,42.6,-84.3833,76.84,60,0,3.44
383,Ratodero,PK,2022-07-26 15:36:55,27.803,68.2871,85.1,79,66,3.98
384,Yamada,JP,2022-07-26 15:36:56,39.4667,141.95,71.89,96,14,3.11
385,Palmer,US,2022-07-26 15:32:05,42.1584,-72.3287,76.86,51,75,6.91
386,Riyadh,SA,2022-07-26 15:35:07,24.6877,46.7219,105.94,11,18,7.56
387,Vila Velha,BR,2022-07-26 15:36:57,-20.3297,-40.2925,80.55,77,40,10.36
388,Cidreira,BR,2022-07-26 15:36:57,-30.1811,-50.2056,66.09,81,4,12.08
389,Dudinka,RU,2022-07-26 15:36:57,69.4058,86.1778,63.63,78,88,7.7
390,Umm Lajj,SA,2022-07-26 15:36:58,25.0213,37.2685,88.18,67,12,5.7
391,Shingu,JP,2022-07-26 15:32:30,33.7333,135.9833,77.97,95,100,3.13
392,Dali,CN,2022-07-26 15:36:58,25.7,100.1833,62.76,92,93,5.26
393,Ahuimanu,US,2022-07-26 15:36:59,21.4447,-157.8378,76.75,78,20,3.44
394,Faya,SA,2022-07-26 15:36:59,18.3851,42.4509,69.91,55,100,3.67
395,Kotlas,RU,2022-07-26 15:37:00,61.2611,46.6556,67.5,63,55,1.9
396,Severo-Yeniseyskiy,RU,2022-07-26 15:37:00,60.3725,93.0408,55.09,84,100,6.93
397,Swellendam,ZA,2022-07-26 15:37:00,-34.0226,20.4417,57.94,60,69,4.29
398,Qinzhou,CN,2022-07-26 15:37:01,21.95,108.6167,81.14,83,5,5.97
399,Krasnoselkup,RU,2022-07-26 15:37:01,65.7,82.4667,54.34,69,0,3.18
400,Bonthe,SL,2022-07-26 15:37:02,7.5264,-12.505,80.44,69,83,9.24
401,Atascadero,US,2022-07-26 15:37:03,35.4894,-120.6707,61.25,77,9,1.01
402,Tadine,NC,2022-07-26 15:37:03,-21.55,167.8833,67.06,74,37,8.3
403,Vicuna,CL,2022-07-26 15:34:37,-30.0319,-70.7081,66.78,43,0,4.21
404,Sakakah,SA,2022-07-26 15:38:04,29.9697,40.2064,107.17,8,0,5.06
405,Gizo,SB,2022-07-26 15:38:04,-8.103,156.8419,81.55,76,93,6.02
406,Luderitz,NA,2022-07-26 15:38:05,-26.6481,15.1594,56.7,75,26,7.61
407,Kamra,PK,2022-07-26 15:38:05,33.7473,73.5111,77.95,87,95,0.87
408,Nanuque,BR,2022-07-26 15:38:06,-17.8392,-40.3539,78.69,53,65,8.37
409,Phan Thiet,VN,2022-07-26 15:36:10,10.9333,108.1,77.38,86,89,2.44
410,Nisia Floresta,BR,2022-07-26 15:38:07,-6.0911,-35.2086,86.38,61,76,13.96
411,Obihiro,JP,2022-07-26 15:38:07,42.9172,143.2044,64.2,96,100,1.21
412,Luanda,AO,2022-07-26 15:35:13,-8.8368,13.2343,75.2,78,0,10.36
413,San Carlos De Bariloche,AR,2022-07-26 15:34:55,-41.1456,-71.3082,38.95,87,75,10.36
414,Gaeta,IT,2022-07-26 15:38:08,41.2183,13.5628,88.75,75,0,12.75
415,Khor,RU,2022-07-26 15:38:09,47.8861,134.9464,66.54,95,18,3.36
416,Khilok,RU,2022-07-26 15:38:09,51.3674,110.4676,52.88,95,100,6.17
417,Beckley,US,2022-07-26 15:38:10,37.7782,-81.1882,69.67,97,100,6.91
418,Port Lincoln,AU,2022-07-26 15:34:08,-34.7333,135.8667,53.19,74,78,10.92
419,Vakhrushi,RU,2022-07-26 15:38:10,58.6847,50.0261,65.97,72,78,3.24
420,Aksu,CN,2022-07-26 15:38:11,41.1231,80.2644,91.58,19,16,7.34
421,Yalta,UA,2022-07-26 15:38:12,44.5,34.1667,76.21,63,43,2.15
422,Atikokan,CA,2022-07-26 15:38:12,48.7555,-91.6216,63.55,82,89,8.88
423,Surgut,RU,2022-07-26 15:34:27,61.25,73.4167,68.18,88,20,4.47
424,Do Gonbadan,IR,2022-07-26 15:38:13,30.3586,50.7981,86.09,12,88,11.5
425,Peniche,PT,2022-07-26 15:38:13,39.3558,-9.3811,80.08,68,0,15.88
426,Kushima,JP,2022-07-26 15:38:14,31.4583,131.2333,81.23,94,7,1.52
427,Conceicao Do Araguaia,BR,2022-07-26 15:38:14,-8.2578,-49.2647,94.73,24,100,6.98
428,Methoni,GR,2022-07-26 15:38:15,36.8197,21.7049,91.22,61,0,6.55
429,Nilagiri,IN,2022-07-26 15:38:15,21.4582,86.7722,80.67,84,98,4.5
430,Amahai,ID,2022-07-26 15:38:16,-3.3333,128.9167,76.84,90,76,6.49
431,Bolshaya Dzhalga,RU,2022-07-26 15:38:16,45.9695,42.6966,76.98,56,70,13.06
432,Buchanan,LR,2022-07-26 15:38:17,5.8808,-10.0467,78.87,74,91,7.99
433,Mitu,CO,2022-07-26 15:34:12,1.1983,-70.1733,83.1,64,80,3.38
434,Yinchuan,CN,2022-07-26 15:38:18,38.4681,106.2731,78.57,37,100,11.3
435,Charcas,MX,2022-07-26 15:38:18,23.1333,-101.1167,66.09,60,100,6.67
436,Tezu,IN,2022-07-26 15:38:19,27.9167,96.1667,75.38,97,43,3.2
437,Baiyin,CN,2022-07-26 15:38:19,36.5583,104.2081,62.76,69,92,18.63
438,Muhos,FI,2022-07-26 15:38:20,64.808,25.9931,67.89,92,100,12.95
439,Fort Nelson,CA,2022-07-26 15:38:20,58.8053,-122.7002,62.19,77,75,6.91
440,Kaeo,NZ,2022-07-26 15:38:21,-35.1,173.7833,54.32,86,80,16.35
441,Ribeira Brava,PT,2022-07-26 15:38:21,32.65,-17.0667,86.63,42,56,7.74
442,Mackay,AU,2022-07-26 15:38:21,-21.15,149.2,56.68,86,0,4.5
443,Puerto Del Rosario,ES,2022-07-26 15:38:22,28.5004,-13.8627,89.35,37,0,19.57
444,Gatesville,US,2022-07-26 15:38:22,31.4352,-97.7439,91.35,44,0,10.47
445,Yakovlevka,RU,2022-07-26 15:38:23,44.425,133.4772,67.08,97,66,1.57
446,Copiapo,CL,2022-07-26 15:38:23,-27.3667,-70.3333,49.69,46,0,4.94
447,Ipixuna,BR,2022-07-26 15:38:24,-1.7625,-48.8043,88.66,53,100,5.41
448,Lucapa,AO,2022-07-26 15:38:24,-8.4192,20.7447,84.99,19,60,3.15
449,Milkovo,RU,2022-07-26 15:38:24,54.7167,158.6167,56.17,93,99,3.06
450,Temiscaming,CA,2022-07-26 15:38:25,46.7212,-79.0971,69.31,52,6,6.91
451,Praia,CV,2022-07-26 15:39:25,14.9215,-23.5087,86.54,66,20,11.5
452,Puerto Narino,CO,2022-07-26 15:39:26,-3.7703,-70.3831,81.28,84,19,1.41
453,Maniitsoq,GL,2022-07-26 15:39:26,65.4167,-52.9,39.87,96,100,5.55
454,Palu,ID,2022-07-26 15:39:27,-0.8917,119.8707,76.42,94,88,2.21
455,Bisho,ZA,2022-07-26 15:39:27,-32.8472,27.4422,59.63,43,3,2.77
456,Alamogordo,US,2022-07-26 15:35:44,32.8995,-105.9603,84.4,54,0,0.0
457,Gazojak,TM,2022-07-26 15:39:28,41.1875,61.4036,92.28,23,5,13.0
458,Djibo,BF,2022-07-26 15:39:28,14.1022,-1.6306,100.17,28,90,10.11
459,Teknaf,BD,2022-07-26 15:39:29,20.8624,92.3058,81.32,78,100,3.58
460,Dusti,TJ,2022-07-26 15:39:29,37.3481,68.664,98.87,10,0,8.03
461,Grindavik,IS,2022-07-26 15:39:30,63.8424,-22.4338,55.35,87,100,18.41
462,Oshakati,NA,2022-07-26 15:39:30,-17.7833,15.6833,79.41,18,58,7.43
463,Antsohihy,MG,2022-07-26 15:39:30,-14.8796,47.9875,75.11,62,59,0.78
464,Sobral,BR,2022-07-26 15:39:31,-3.6861,-40.3497,95.25,29,72,4.99
465,Oskemen,KZ,2022-07-26 15:39:31,49.9565,82.6119,64.36,72,0,4.47
466,Blind River,CA,2022-07-26 15:39:32,46.1834,-82.9582,71.71,58,1,6.2
467,Kankakee,US,2022-07-26 15:39:32,41.15,-87.8667,78.01,65,0,6.91
468,Miraflores,MX,2022-07-26 15:39:10,19.2167,-98.8083,67.03,56,30,1.25
469,Polazna,RU,2022-07-26 15:39:33,58.2946,56.4055,71.19,67,23,5.61
470,Aojiang,CN,2022-07-26 15:39:33,22.9421,116.0359,81.63,81,51,2.66
471,Aquiraz,BR,2022-07-26 15:39:33,-3.9014,-38.3911,87.89,51,69,10.96
472,Ribas Do Rio Pardo,BR,2022-07-26 15:39:34,-20.4431,-53.7592,90.55,20,0,8.05
473,Adre,TD,2022-07-26 15:39:35,13.4667,22.2,76.96,74,98,12.82
474,Katima Mulilo,NA,2022-07-26 15:39:35,-17.5,24.2667,75.06,21,0,8.43
475,Chinsali,ZM,2022-07-26 15:39:35,-10.5414,32.0816,69.01,44,93,9.06
476,Caranavi,BO,2022-07-26 15:39:36,-15.8167,-67.55,77.68,58,96,3.8
477,Witu,KE,2022-07-26 15:39:36,-2.3889,40.4382,75.36,80,44,13.78
478,Safaga,EG,2022-07-26 15:39:37,26.7292,33.9365,87.4,51,0,0.11
479,Ocampo,MX,2022-07-26 15:39:37,21.65,-101.5,66.22,55,92,4.16
480,Darab,IR,2022-07-26 15:39:37,28.7519,54.5444,85.44,55,100,6.24
481,Buenaventura,CO,2022-07-26 15:38:50,3.8801,-77.0312,84.76,69,49,2.21
482,Nikolayevka,RU,2022-07-26 15:39:38,53.1257,47.2041,71.4,79,9,3.4
483,Ishurdi,BD,2022-07-26 15:39:38,24.1333,89.0833,80.91,81,78,7.61
484,Pimenteiras,BR,2022-07-26 15:39:39,-6.2453,-41.4192,93.9,24,62,7.16
485,Beloha,MG,2022-07-26 15:39:39,-25.1667,45.05,63.64,62,3,5.93
486,Sinnamary,GF,2022-07-26 15:39:40,5.3833,-52.95,83.68,72,28,5.55
487,Aktau,KZ,2022-07-26 15:39:40,43.65,51.2,79.38,62,0,7.18
488,Morant Bay,JM,2022-07-26 15:35:30,17.8815,-76.4093,78.42,76,18,15.46
489,Roma,US,2022-07-26 15:38:03,43.2128,-75.4557,73.72,66,100,8.05
490,Podgornoye,RU,2022-07-26 15:39:41,51.735,39.1496,70.02,78,0,8.95
491,Kologriv,RU,2022-07-26 15:39:41,58.8275,44.3178,71.08,74,60,3.91
492,Lata,PT,2022-07-26 15:39:42,40.1629,-8.3327,84.49,47,0,13.38
493,Flagstaff,US,2022-07-26 15:39:42,35.1981,-111.6513,66.04,85,52,1.01
494,Starychi,UA,2022-07-26 15:39:43,49.98,23.5585,78.06,55,100,15.23
495,Fortuna,US,2022-07-26 15:39:43,40.5982,-124.1573,55.65,80,54,3.2
496,Zhanaozen,KZ,2022-07-26 15:39:43,43.3,52.8,82.83,35,0,13.15
497,Phangnga,TH,2022-07-26 15:39:44,8.4509,98.5298,80.64,91,43,2.21
498,San Fernando,PH,2022-07-26 15:39:44,15.0286,120.6898,78.53,88,99,0.34
499,Erenhot,CN,2022-07-26 15:40:45,43.6475,111.9767,76.57,31,37,5.08
500,Burgstadt,DE,2022-07-26 15:40:45,50.9167,12.8167,76.6,46,85,7.47
501,Emerald,AU,2022-07-26 15:40:46,-23.5333,148.1667,57.34,71,0,15.14
502,Inirida,CO,2022-07-26 15:40:46,3.8653,-67.9239,76.8,88,96,2.82
503,Samarai,PG,2022-07-26 15:40:46,-10.6167,150.6667,78.3,85,100,6.85
504,Seoul,KR,2022-07-26 15:37:10,37.5683,126.9778,80.2,83,0,2.3
505,Lokossa,BJ,2022-07-26 15:40:47,6.6387,1.7167,79.16,82,94,7.25
506,Moctezuma,MX,2022-07-26 15:40:48,29.8,-109.6667,77.32,66,97,0.94
507,Arandis,NA,2022-07-26 15:40:48,-22.4167,14.9667,62.94,45,3,8.37
508,Komsomolets,KZ,2022-07-26 15:40:49,53.7453,62.0708,65.26,79,100,7.38
509,Vyshkov,RU,2022-07-26 15:40:49,52.4764,31.6873,78.69,66,87,1.43
510,Dauphin,CA,2022-07-26 15:40:50,51.1494,-100.0502,66.34,82,0,10.36
511,Artigas,UY,2022-07-26 15:40:50,-30.4,-56.4667,77.4,64,56,11.5
512,Minab,IR,2022-07-26 15:40:50,27.1467,57.0801,82.11,90,94,5.86
513,Peace River,CA,2022-07-26 15:38:34,56.2501,-117.286,64.71,77,75,2.3
514,Norfolk,US,2022-07-26 15:40:51,42.1668,-71.2495,82.13,53,0,3.44
515,Benjamin Constant,BR,2022-07-26 15:40:51,-4.3831,-70.0311,86.13,78,20,4.61
516,Hurghada,EG,2022-07-26 15:40:52,27.2574,33.8129,90.81,35,0,0.63
517,Ta Khmau,KH,2022-07-26 15:40:52,11.4833,104.95,84.25,74,20,2.3
518,Kashan,IR,2022-07-26 15:40:53,33.9831,51.4364,97.23,22,0,6.46
519,Tirlyanskiy,RU,2022-07-26 15:40:53,54.2109,58.5806,62.28,86,95,0.54
520,Butembo,CD,2022-07-26 15:40:54,0.15,29.2833,63.41,75,93,1.59
521,Suntar,RU,2022-07-26 15:40:54,62.1444,117.6319,71.82,79,0,4.85
522,Camacha,PT,2022-07-26 15:40:38,33.0833,-16.3333,76.42,69,20,13.8
523,Batagay,RU,2022-07-26 15:40:55,67.6333,134.6333,64.06,71,13,4.38
524,Zyryanka,RU,2022-07-26 15:40:55,65.75,150.85,50.61,52,80,11.1
525,Accra,GH,2022-07-26 15:39:05,5.556,-0.1969,81.01,78,40,19.57
526,Kieta,PG,2022-07-26 15:40:56,-6.2167,155.6333,78.37,83,100,1.59
527,Moshi,TZ,2022-07-26 15:40:56,-3.35,37.3333,79.18,54,70,8.16
528,Jombang,ID,2022-07-26 15:40:57,-7.546,112.2331,71.82,86,72,5.55
529,Kahului,US,2022-07-26 15:40:57,20.8947,-156.47,75.22,84,75,10.36
530,Alice Springs,AU,2022-07-26 15:40:57,-23.7,133.8833,36.95,75,0,0.0
531,Dingzhou,CN,2022-07-26 15:40:58,38.5131,114.9956,77.11,72,5,4.54
532,Vagay,RU,2022-07-26 15:40:58,57.9375,69.0217,61.05,95,80,3.98
533,Evensk,RU,2022-07-26 15:40:59,61.95,159.2333,48.0,93,100,3.53
534,Jumla,NP,2022-07-26 15:40:59,29.2747,82.1838,63.01,99,98,1.43
535,Biloela,AU,2022-07-26 15:41:00,-24.4167,150.5,55.33,65,53,11.97
536,Geraldton,AU,2022-07-26 15:41:00,-28.7667,114.6,45.01,87,0,9.22
537,Kholodnyy,RU,2022-07-26 15:41:01,62.7167,147.95,58.44,57,95,3.18
538,Ust-Tsilma,RU,2022-07-26 15:41:01,65.441,52.1498,65.71,48,72,4.0
539,Lakatoro,VU,2022-07-26 15:41:02,-16.0999,167.4164,77.4,87,8,7.58
540,Cherskiy,RU,2022-07-26 15:41:02,68.75,161.3,36.39,84,7,10.45
541,Cervo,ES,2022-07-26 15:41:03,43.6702,-7.4101,65.95,71,92,8.9
542,Houma,US,2022-07-26 15:40:02,29.5958,-90.7195,91.0,78,80,5.59
543,Vanavara,RU,2022-07-26 15:41:04,60.34,102.2797,60.85,96,26,6.76
544,Neiafu,TO,2022-07-26 15:41:05,-18.65,-173.9833,74.08,83,75,3.44
545,Price,US,2022-07-26 15:42:05,39.5994,-110.8107,79.86,34,0,3.44
546,Carson City,US,2022-07-26 15:38:27,39.1638,-119.7674,80.47,35,0,9.22
547,Obo,CF,2022-07-26 15:42:06,5.3998,26.4869,72.75,91,100,3.67
548,Show Low,US,2022-07-26 15:42:06,34.2542,-110.0298,72.09,84,75,6.91
549,Freeport,US,2022-07-26 15:40:58,40.6576,-73.5832,81.28,53,0,4.61
550,Keti Bandar,PK,2022-07-26 15:42:07,24.1447,67.4497,83.19,83,98,9.1
551,Baiao,BR,2022-07-26 15:42:07,-2.7906,-49.6717,89.47,49,98,4.27
552,Powell River,CA,2022-07-26 15:42:08,49.8496,-124.5361,77.18,83,0,3.44
553,Ambanja,MG,2022-07-26 15:42:08,-13.6833,48.45,75.13,78,89,2.93
554,Leshukonskoye,RU,2022-07-26 15:42:08,64.8989,45.7622,67.37,55,17,3.89
555,Willmar,US,2022-07-26 15:42:09,45.1219,-95.0433,69.82,88,100,0.0
556,Mayumba,GA,2022-07-26 15:42:09,-3.432,10.6554,74.12,76,92,8.77
557,Santa Isabel,BR,2022-07-26 15:42:10,-23.3156,-46.2214,74.5,37,2,4.34
558,Deputatskiy,RU,2022-07-26 15:42:10,69.3,139.9,47.16,81,80,3.65
559,Bongandanga,CD,2022-07-26 15:42:11,1.5,21.05,74.86,93,99,2.98
560,Galeana,MX,2022-07-26 15:42:11,24.8333,-100.0667,74.39,46,77,2.64
561,Brae,GB,2022-07-26 15:42:11,60.3964,-1.353,52.99,72,68,15.26
562,Merauke,ID,2022-07-26 15:42:12,-8.4667,140.3333,74.98,85,88,13.4
563,Eenhana,NA,2022-07-26 15:42:12,-17.4667,16.3333,80.44,16,86,3.44
564,Orlik,RU,2022-07-26 15:42:13,52.5178,99.825,45.55,76,38,2.39
565,Mango,US,2022-07-26 15:42:13,27.9797,-82.3065,92.05,75,75,10.36
566,Meulaboh,ID,2022-07-26 15:42:14,4.1363,96.1285,76.6,89,100,5.21
567,Kitimat,CA,2022-07-26 15:42:14,54.0524,-128.6534,70.92,41,57,5.1
568,Puri,IN,2022-07-26 15:39:04,19.8,85.85,82.92,78,97,8.63
569,Mbanza-Ngungu,CD,2022-07-26 15:42:15,-5.25,14.8667,84.4,35,99,7.52
570,Goderich,CA,2022-07-26 15:42:15,43.7501,-81.7165,71.92,53,89,4.61
571,Kizukuri,JP,2022-07-26 15:42:16,40.8061,140.3861,72.95,99,35,1.81
572,Codrington,AU,2022-07-26 15:42:16,-38.2667,141.9667,51.89,91,64,14.0
573,Asau,RO,2022-07-26 15:42:17,46.4333,26.4,88.72,35,3,5.3
574,Gat,IL,2022-07-26 15:42:17,31.61,34.7642,89.78,35,0,10.71
575,Tura,IN,2022-07-26 15:42:18,25.5198,90.2201,73.94,86,78,2.86
576,Moerai,PF,2022-07-26 15:42:18,-22.4333,-151.3333,69.15,63,98,21.07
577,Marabba,SD,2022-07-26 15:42:19,12.35,32.1833,86.85,50,100,3.89
578,Pine Bluff,US,2022-07-26 15:39:30,34.2284,-92.0032,92.32,61,0,8.05
579,Chicama,PE,2022-07-26 15:42:19,-7.8447,-79.1469,61.34,71,99,6.38
580,Rugeley,GB,2022-07-26 15:42:20,52.7593,-1.9369,68.5,58,60,10.33
581,San Antonio,US,2022-07-26 15:40:07,29.4241,-98.4936,90.9,63,20,6.91
582,Vestmannaeyjar,IS,2022-07-26 15:42:20,63.4427,-20.2734,54.59,82,75,14.97
583,Marienburg,PL,2022-07-26 15:38:39,54.0359,19.0266,77.88,56,100,4.36
584,Haines Junction,CA,2022-07-26 15:42:21,60.7522,-137.5108,60.75,67,86,12.66
585,Staphorst,NL,2022-07-26 15:42:21,52.645,6.2111,69.24,57,96,12.33
586,Opuwo,NA,2022-07-26 15:42:22,-18.0607,13.84,80.06,17,56,3.56
587,Venado,MX,2022-07-26 15:42:22,22.9333,-101.0833,69.03,60,100,5.32
588,Nieuw Amsterdam,SR,2022-07-26 15:42:23,5.8833,-55.0833,91.02,68,40,0.0
589,Arinos,BR,2022-07-26 15:42:23,-15.9169,-46.1056,84.96,27,0,6.76
590,Vallenar,CL,2022-07-26 15:43:24,-28.5708,-70.7581,64.67,46,0,2.73
591,Arrifes,PT,2022-07-26 15:43:24,37.7667,-25.7,73.65,83,75,11.5
592,Quatre Cocos,MU,2022-07-26 15:39:06,-20.2078,57.7625,71.1,78,17,12.46
593,Olinda,BR,2022-07-26 15:40:46,-8.0089,-34.8553,80.33,61,40,11.5
594,Burgersdorp,ZA,2022-07-26 15:43:25,-30.9977,26.3286,55.29,41,49,7.56
595,Cabedelo,BR,2022-07-26 15:41:42,-6.9811,-34.8339,83.07,72,78,13.58
596,Kaura Namoda,NG,2022-07-26 15:43:26,12.5898,6.5779,91.89,48,71,10.16
597,Sola,VU,2022-07-26 15:39:19,-13.8833,167.55,75.87,100,20,0.0
598,Sulangan,PH,2022-07-26 15:39:06,11.1373,123.7228,83.97,74,89,5.28
599,Carutapera,BR,2022-07-26 15:43:27,-1.195,-46.02,88.81,53,67,7.07
600,Pacific Grove,US,2022-07-26 15:43:27,36.6177,-121.9166,59.43,92,100,4.0
601,Srivardhan,IN,2022-07-26 15:43:27,18.0333,73.0167,80.2,83,100,0.51
602,San Pedro,PH,2022-07-26 15:43:28,14.35,121.0167,83.43,85,75,0.0
603,Gurupa,BR,2022-07-26 15:43:28,-1.405,-51.64,92.95,46,33,2.19
604,Marathon,US,2022-07-26 15:40:28,44.9,-89.7668,74.44,62,0,6.91
605,Breves,BR,2022-07-26 15:43:29,-1.6822,-50.4803,91.78,47,97,4.45
606,Itarema,BR,2022-07-26 15:43:29,-2.9248,-39.9167,88.07,47,34,12.82
607,Boyolangu,ID,2022-07-26 15:43:30,-8.1181,111.8935,72.52,93,89,1.14
608,Biak,ID,2022-07-26 15:43:30,-0.9131,122.8766,75.09,90,99,6.46
609,Whitianga,NZ,2022-07-26 15:43:31,-36.8333,175.7,54.77,82,97,21.32
610,Samandag,TR,2022-07-26 15:43:31,36.0842,35.9771,90.12,57,0,8.3
611,Mundo Nuevo,MX,2022-07-26 15:43:31,18.7,-95.5,81.41,75,100,2.1
612,Los Llanos De Aridane,ES,2022-07-26 15:43:32,28.6585,-17.9182,83.95,42,0,17.27
613,Santa Cruz,BO,2022-07-26 15:40:16,-17.8,-63.1667,86.05,58,40,16.11
614,Maues,BR,2022-07-26 15:43:32,-3.3836,-57.7186,94.28,42,64,3.29
615,Northam,GB,2022-07-26 15:43:33,51.0333,-4.2167,65.39,56,6,11.65
616,Salamanca,ES,2022-07-26 15:43:33,40.8333,-6.0,88.63,18,0,13.91
617,Maralal,KE,2022-07-26 15:43:34,1.0968,36.698,65.64,54,94,5.97
618,Lhokseumawe,ID,2022-07-26 15:43:34,5.1801,97.1507,78.49,83,44,3.06
619,Saint-Lo,FR,2022-07-26 15:43:35,49.1162,-1.0903,70.23,45,68,8.79
620,Smithers,CA,2022-07-26 15:40:10,54.7804,-127.1743,62.92,82,0,2.3
621,Sanmihaiu Roman,RO,2022-07-26 15:43:35,45.7044,21.0889,98.06,24,0,4.76
622,Bairiki,KI,2022-07-26 15:43:36,1.3292,172.9752,80.6,83,40,8.05
623,Zambezi,ZM,2022-07-26 15:43:36,-13.5432,23.1047,76.91,18,3,6.93
624,Sanmenxia,CN,2022-07-26 15:43:36,34.7747,111.1814,77.77,80,8,9.86
625,Dzaoudzi,YT,2022-07-26 15:43:37,-12.7887,45.2699,75.09,78,0,9.22
626,La Ronge,CA,2022-07-26 15:43:37,55.1001,-105.2842,61.02,77,75,14.97
627,Banda Aceh,ID,2022-07-26 15:43:38,5.5577,95.3222,79.39,83,100,8.81
628,Nuuk,GL,2022-07-26 15:43:38,64.1835,-51.7216,45.21,87,100,4.61
629,Mago,RU,2022-07-26 15:43:39,53.2514,140.1822,57.72,90,100,2.51
630,Mataquescuintla,GT,2022-07-26 15:43:39,14.5292,-90.1842,66.15,60,93,3.49
631,Gurupi,BR,2022-07-26 15:43:39,-11.7292,-49.0686,91.24,23,3,9.6
632,San Andres,CO,2022-07-26 15:43:40,12.5847,-81.7006,86.02,70,40,11.5
633,Ballina,AU,2022-07-26 15:43:41,-28.8667,153.5667,55.44,57,0,11.5
634,Envira,BR,2022-07-26 15:43:41,-7.3,-70.2167,90.5,45,0,3.09
635,Mollendo,PE,2022-07-26 15:43:42,-17.0231,-72.0147,62.6,75,92,9.98
636,Saint-Francois,FR,2022-07-26 15:43:42,46.4154,3.9054,79.68,36,0,11.5
637,Kloulklubed,PW,2022-07-26 15:44:42,7.0419,134.2556,75.7,71,100,5.3
638,Burdur,TR,2022-07-26 15:44:43,37.7203,30.2908,88.5,23,20,10.36
639,Kulhudhuffushi,MV,2022-07-26 15:44:43,6.6221,73.07,81.79,79,31,17.2
640,Biggar,GB,2022-07-26 15:44:44,55.6167,-3.5167,62.69,76,100,6.69
641,Bara,NG,2022-07-26 15:44:44,10.3744,10.7288,87.94,54,100,7.76
642,Puerto Carreno,CO,2022-07-26 15:44:45,6.189,-67.4859,84.18,74,40,4.61
643,Jamsa,FI,2022-07-26 15:44:45,61.8642,25.19,65.14,91,100,14.5
644,Astoria,US,2022-07-26 15:44:45,46.1879,-123.8313,63.55,93,100,4.61
645,Kachug,RU,2022-07-26 15:44:46,53.9606,105.8817,51.08,96,96,4.0
646,Santiago,CL,2022-07-26 15:40:45,-33.4569,-70.6483,59.54,69,24,3.44
647,Bogovarovo,RU,2022-07-26 15:44:46,58.9785,47.0246,68.23,71,73,4.25
648,Lipovat,RO,2022-07-26 15:44:47,46.5667,27.7,90.81,19,30,6.71
649,Igrim,RU,2022-07-26 15:44:47,63.1906,64.4162,57.74,59,76,4.52
650,Luangwa,ZM,2022-07-26 15:44:48,-15.6167,30.4167,73.6,46,0,11.32
651,Buarcos,PT,2022-07-26 15:44:48,40.166,-8.8768,86.23,68,2,15.9
652,Rokytne,UA,2022-07-26 15:44:49,51.2796,27.214,78.57,46,3,3.18
653,Leh,IN,2022-07-26 15:44:49,34.1667,77.5833,71.31,41,85,5.41
654,Abapo,BO,2022-07-26 15:44:50,-18.8333,-63.4667,92.03,27,2,6.15
655,Matara,LK,2022-07-26 15:44:50,5.9485,80.5353,76.57,93,100,5.7
656,Campo Grande,BR,2022-07-26 15:40:52,-20.4428,-54.6464,85.55,32,0,11.5
657,Rincon,US,2022-07-26 15:44:51,32.296,-81.2354,90.86,58,40,9.22
658,Laguna,US,2022-07-26 15:44:51,38.421,-121.4238,73.98,73,0,11.5
659,Great Falls,US,2022-07-26 15:42:45,47.5002,-111.3008,66.42,85,100,5.75
660,Akonolinga,CM,2022-07-26 15:44:52,3.7667,12.25,74.05,92,70,2.82
661,Hobyo,SO,2022-07-26 15:44:52,5.3505,48.5268,76.86,80,39,25.99
662,Portree,GB,2022-07-26 15:44:52,57.4129,-6.1942,59.52,71,29,8.46
663,Mosquera,CO,2022-07-26 15:44:53,4.7059,-74.2302,60.89,67,75,6.91
664,Pokhara,NP,2022-07-26 15:44:53,28.2333,83.9833,72.77,91,91,1.32
665,Huntsville,US,2022-07-26 15:40:38,34.7304,-86.5861,86.9,73,75,10.36
666,Luwuk,ID,2022-07-26 15:44:54,-0.9516,122.7875,76.5,92,99,5.08
667,Nizhnevartovsk,RU,2022-07-26 15:44:07,60.9344,76.5531,68.02,100,0,4.0
668,Kalugumalai,IN,2022-07-26 15:44:55,9.15,77.7167,85.48,59,100,6.15
669,Walvis Bay,NA,2022-07-26 15:44:55,-22.9575,14.5053,63.55,55,0,6.91
670,Daru,PG,2022-07-26 15:44:56,-9.0763,143.2092,76.01,85,100,13.69
671,Dzhebariki-Khaya,RU,2022-07-26 15:44:56,62.2167,135.8,61.02,81,13,2.86
672,Sabang,ID,2022-07-26 15:44:57,5.8933,95.3214,81.86,77,100,9.66
673,Ilo,PE,2022-07-26 15:44:57,-17.6394,-71.3375,61.66,72,75,12.66
674,Plastun,RU,2022-07-26 15:44:57,44.7561,136.2939,66.02,95,15,3.76
675,Rajapur,IN,2022-07-26 15:44:58,25.3833,81.15,90.55,57,100,2.28
676,Zhezkazgan,KZ,2022-07-26 15:44:58,47.8043,67.7144,87.78,22,0,15.66
677,Havre-Saint-Pierre,CA,2022-07-26 15:44:59,50.2334,-63.5986,62.96,77,40,19.57
678,Anadyr,RU,2022-07-26 15:44:59,64.75,177.4833,46.9,87,40,8.95
679,Awjilah,LY,2022-07-26 15:44:59,29.1081,21.2869,101.03,12,2,10.85
680,Gazanjyk,TM,2022-07-26 15:45:00,39.2446,55.5154,92.7,32,43,8.93
681,Teguise,ES,2022-07-26 15:45:00,29.0605,-13.564,76.53,64,0,15.82
682,Albion,US,2022-07-26 15:45:01,42.2431,-84.753,74.86,57,0,0.0
683,Nome,US,2022-07-26 15:45:01,64.5011,-165.4064,44.67,82,100,25.32
684,Natal,BR,2022-07-26 15:46:02,-5.795,-35.2094,86.22,58,40,14.97
685,North Bend,US,2022-07-26 15:46:02,43.4065,-124.2243,56.16,100,100,3.44
686,Nabire,ID,2022-07-26 15:46:02,-3.3667,135.4833,75.0,90,64,3.67
687,Alyangula,AU,2022-07-26 15:46:03,-13.8483,136.4192,68.38,84,1,9.01
688,Progreso,MX,2022-07-26 15:46:03,21.2833,-89.6667,84.31,59,20,8.79
689,Ucluelet,CA,2022-07-26 15:46:04,48.9329,-125.5528,68.31,91,1,3.89
690,New Plymouth,NZ,2022-07-26 15:46:04,-39.0667,174.0833,58.8,96,100,27.29
691,Altayskoye,RU,2022-07-26 15:46:05,51.9533,85.3325,59.11,76,2,5.82
692,Kabalo,CD,2022-07-26 15:46:05,-6.05,26.9167,89.19,25,63,4.5
693,Puerto Leguizamo,CO,2022-07-26 15:46:06,-0.1934,-74.7819,81.79,75,72,2.98
694,Guanare,VE,2022-07-26 15:46:06,9.0418,-69.7421,82.42,83,22,5.75
695,Maracas,BR,2022-07-26 15:46:07,-13.4411,-40.4308,72.59,48,100,9.55
696,Ust-Nera,RU,2022-07-26 15:46:07,64.5667,143.2,59.77,90,97,5.1
697,Sibolga,ID,2022-07-26 15:46:08,1.7427,98.7792,76.26,89,96,2.21
698,Japura,ID,2022-07-26 15:46:08,-0.3167,102.35,74.88,96,99,2.84
699,Montepuez,MZ,2022-07-26 15:46:09,-13.1256,38.9997,71.46,37,18,4.63
700,Menongue,AO,2022-07-26 15:46:09,-14.6585,17.691,78.35,17,0,7.7
701,Upington,ZA,2022-07-26 15:46:10,-28.4478,21.2561,79.18,22,0,9.22
702,Drumheller,CA,2022-07-26 15:46:11,51.4617,-112.7101,71.06,82,8,1.14
